method,uri,route_name,controller,action,authentication,active_user_guard,role_guard,company_guard,form_request,policy,service,pagination,rate_limit,feature_test,postman_request,documentation,audit_status,notes
"GET","/api/v1/admin/audit-logs","v1.admin.audit-logs.index","App\Http\Controllers\Api\V1\Admin\AuditLogController","index","Sanctum","EnsureUserIsActive","AdminMiddleware","none","action-specific FormRequest or no body","none/route middleware","AuditLogService/domain services","expected; implementation-specific","none","tests/Feature/Api/V1/AdminApiTest.php","no","BACKEND_IMPLEMENTATION_REPORT.md","REVIEW","No normalized Postman method/path match"
"GET","/api/v1/admin/companies","v1.admin.companies.index","App\Http\Controllers\Api\V1\Admin\AdminCompanyController","index","Sanctum","EnsureUserIsActive","AdminMiddleware","none","action-specific FormRequest or no body","none/route middleware","AdminCompanyService/domain services","expected; implementation-specific","none","tests/Feature/Api/V1/AdminApiTest.php","no","BACKEND_IMPLEMENTATION_REPORT.md","REVIEW","No normalized Postman method/path match"
"GET","/api/v1/admin/companies/{company}","v1.admin.companies.show","App\Http\Controllers\Api\V1\Admin\AdminCompanyController","show","Sanctum","EnsureUserIsActive","AdminMiddleware","none","action-specific FormRequest or no body","none/route middleware","AdminCompanyService/domain services","not applicable/endpoint-specific","none","tests/Feature/Api/V1/AdminApiTest.php","yes","BACKEND_IMPLEMENTATION_REPORT.md","PASS",""
"PATCH","/api/v1/admin/companies/{company}/approve","v1.admin.companies.approve","App\Http\Controllers\Api\V1\Admin\AdminCompanyController","approve","Sanctum","EnsureUserIsActive","AdminMiddleware","none","action-specific FormRequest or no body","none/route middleware","AdminCompanyService/domain services","not applicable/endpoint-specific","none","tests/Feature/Api/V1/AdminApiTest.php","yes","BACKEND_IMPLEMENTATION_REPORT.md","PASS",""
"PATCH","/api/v1/admin/companies/{company}/reject","v1.admin.companies.reject","App\Http\Controllers\Api\V1\Admin\AdminCompanyController","reject","Sanctum","EnsureUserIsActive","AdminMiddleware","none","action-specific FormRequest or no body","none/route middleware","AdminCompanyService/domain services","not applicable/endpoint-specific","none","tests/Feature/Api/V1/AdminApiTest.php","yes","BACKEND_IMPLEMENTATION_REPORT.md","PASS",""
"PATCH","/api/v1/admin/companies/{company}/suspend","v1.admin.companies.suspend","App\Http\Controllers\Api\V1\Admin\AdminCompanyController","suspend","Sanctum","EnsureUserIsActive","AdminMiddleware","none","action-specific FormRequest or no body","none/route middleware","AdminCompanyService/domain services","not applicable/endpoint-specific","none","tests/Feature/Api/V1/AdminApiTest.php","yes","BACKEND_IMPLEMENTATION_REPORT.md","PASS",""
"GET","/api/v1/admin/reports/applications","v1.admin.reports.applications","App\Http\Controllers\Api\V1\Admin\AdminReportController","applications","Sanctum","EnsureUserIsActive","AdminMiddleware","none","action-specific FormRequest or no body","none/route middleware","AdminReportService/domain services","expected; implementation-specific","none","tests/Feature/Api/V1/AdminApiTest.php","no","BACKEND_IMPLEMENTATION_REPORT.md","REVIEW","No normalized Postman method/path match"
"GET","/api/v1/admin/reports/cv-parsing","v1.admin.reports.cv-parsing","App\Http\Controllers\Api\V1\Admin\AdminReportController","cvParsing","Sanctum","EnsureUserIsActive","AdminMiddleware","none","action-specific FormRequest or no body","none/route middleware","AdminReportService/domain services","not applicable/endpoint-specific","none","tests/Feature/Api/V1/AdminApiTest.php","no","BACKEND_IMPLEMENTATION_REPORT.md","REVIEW","No normalized Postman method/path match"
"GET","/api/v1/admin/reports/jobs","v1.admin.reports.jobs","App\Http\Controllers\Api\V1\Admin\AdminReportController","jobs","Sanctum","EnsureUserIsActive","AdminMiddleware","none","action-specific FormRequest or no body","none/route middleware","AdminReportService/domain services","expected; implementation-specific","none","tests/Feature/Api/V1/AdminApiTest.php","no","BACKEND_IMPLEMENTATION_REPORT.md","REVIEW","No normalized Postman method/path match"
"GET","/api/v1/admin/reports/overview","v1.admin.reports.overview","App\Http\Controllers\Api\V1\Admin\AdminReportController","overview","Sanctum","EnsureUserIsActive","AdminMiddleware","none","action-specific FormRequest or no body","none/route middleware","AdminReportService/domain services","not applicable/endpoint-specific","none","tests/Feature/Api/V1/AdminApiTest.php","yes","BACKEND_IMPLEMENTATION_REPORT.md","PASS",""
"GET","/api/v1/admin/skills","v1.admin.skills.index","App\Http\Controllers\Api\V1\Admin\AdminSkillController","index","Sanctum","EnsureUserIsActive","AdminMiddleware","none","action-specific FormRequest or no body","none/route middleware","AdminSkillService/domain services","expected; implementation-specific","none","tests/Feature/Api/V1/AdminApiTest.php","no","BACKEND_IMPLEMENTATION_REPORT.md","REVIEW","No normalized Postman method/path match"
"POST","/api/v1/admin/skills","v1.admin.skills.store","App\Http\Controllers\Api\V1\Admin\AdminSkillController","store","Sanctum","EnsureUserIsActive","AdminMiddleware","none","action-specific FormRequest or no body","none/route middleware","AdminSkillService/domain services","not applicable/endpoint-specific","none","tests/Feature/Api/V1/AdminApiTest.php","yes","BACKEND_IMPLEMENTATION_REPORT.md","PASS",""
"PATCH","/api/v1/admin/skills/{skill}","v1.admin.skills.patch","App\Http\Controllers\Api\V1\Admin\AdminSkillController","update","Sanctum","EnsureUserIsActive","AdminMiddleware","none","action-specific FormRequest or no body","none/route middleware","AdminSkillService/domain services","not applicable/endpoint-specific","none","tests/Feature/Api/V1/AdminApiTest.php","yes","BACKEND_IMPLEMENTATION_REPORT.md","PASS",""
"PUT","/api/v1/admin/skills/{skill}","v1.admin.skills.update","App\Http\Controllers\Api\V1\Admin\AdminSkillController","update","Sanctum","EnsureUserIsActive","AdminMiddleware","none","action-specific FormRequest or no body","none/route middleware","AdminSkillService/domain services","not applicable/endpoint-specific","none","tests/Feature/Api/V1/AdminApiTest.php","no","BACKEND_IMPLEMENTATION_REPORT.md","REVIEW","No normalized Postman method/path match"
"DELETE","/api/v1/admin/skills/{skill}","v1.admin.skills.destroy","App\Http\Controllers\Api\V1\Admin\AdminSkillController","destroy","Sanctum","EnsureUserIsActive","AdminMiddleware","none","action-specific FormRequest or no body","none/route middleware","AdminSkillService/domain services","not applicable/endpoint-specific","none","tests/Feature/Api/V1/AdminApiTest.php","yes","BACKEND_IMPLEMENTATION_REPORT.md","PASS",""
"GET","/api/v1/admin/tests","v1.admin.tests.index","App\Http\Controllers\Api\V1\Admin\AdminTestController","index","Sanctum","EnsureUserIsActive","AdminMiddleware","none","action-specific FormRequest or no body","none/route middleware","AdminTestService/domain services","expected; implementation-specific","none","tests/Feature/Api/V1/AdminApiTest.php","yes","BACKEND_IMPLEMENTATION_REPORT.md","PASS",""
"POST","/api/v1/admin/tests","v1.admin.tests.store","App\Http\Controllers\Api\V1\Admin\AdminTestController","store","Sanctum","EnsureUserIsActive","AdminMiddleware","none","action-specific FormRequest or no body","none/route middleware","AdminTestService/domain services","not applicable/endpoint-specific","none","tests/Feature/Api/V1/AdminApiTest.php","yes","BACKEND_IMPLEMENTATION_REPORT.md","PASS",""
"PUT","/api/v1/admin/tests/{test}","v1.admin.tests.update","App\Http\Controllers\Api\V1\Admin\AdminTestController","update","Sanctum","EnsureUserIsActive","AdminMiddleware","none","action-specific FormRequest or no body","none/route middleware","AdminTestService/domain services","not applicable/endpoint-specific","none","tests/Feature/Api/V1/AdminApiTest.php","yes","BACKEND_IMPLEMENTATION_REPORT.md","PASS",""
"DELETE","/api/v1/admin/tests/{test}","v1.admin.tests.destroy","App\Http\Controllers\Api\V1\Admin\AdminTestController","destroy","Sanctum","EnsureUserIsActive","AdminMiddleware","none","action-specific FormRequest or no body","none/route middleware","AdminTestService/domain services","not applicable/endpoint-specific","none","tests/Feature/Api/V1/AdminApiTest.php","yes","BACKEND_IMPLEMENTATION_REPORT.md","PASS",""
"GET","/api/v1/admin/users","v1.admin.users.index","App\Http\Controllers\Api\V1\Admin\AdminUserController","index","Sanctum","EnsureUserIsActive","AdminMiddleware","none","action-specific FormRequest or no body","none/route middleware","AdminUserService/domain services","expected; implementation-specific","none","tests/Feature/Api/V1/AdminApiTest.php","no","BACKEND_IMPLEMENTATION_REPORT.md","REVIEW","No normalized Postman method/path match"
"GET","/api/v1/admin/users/{user}","v1.admin.users.show","App\Http\Controllers\Api\V1\Admin\AdminUserController","show","Sanctum","EnsureUserIsActive","AdminMiddleware","none","action-specific FormRequest or no body","none/route middleware","AdminUserService/domain services","not applicable/endpoint-specific","none","tests/Feature/Api/V1/AdminApiTest.php","yes","BACKEND_IMPLEMENTATION_REPORT.md","PASS",""
"PATCH","/api/v1/admin/users/{user}/activate","v1.admin.users.activate","App\Http\Controllers\Api\V1\Admin\AdminUserController","activate","Sanctum","EnsureUserIsActive","AdminMiddleware","none","action-specific FormRequest or no body","none/route middleware","AdminUserService/domain services","not applicable/endpoint-specific","none","tests/Feature/Api/V1/AdminApiTest.php","yes","BACKEND_IMPLEMENTATION_REPORT.md","PASS",""
"PATCH","/api/v1/admin/users/{user}/role","v1.admin.users.role","App\Http\Controllers\Api\V1\Admin\AdminUserController","updateRole","Sanctum","EnsureUserIsActive","AdminMiddleware","none","action-specific FormRequest or no body","none/route middleware","AdminUserService/domain services","not applicable/endpoint-specific","none","tests/Feature/Api/V1/AdminApiTest.php","no","BACKEND_IMPLEMENTATION_REPORT.md","REVIEW","No normalized Postman method/path match"
"PATCH","/api/v1/admin/users/{user}/status","v1.admin.users.status","App\Http\Controllers\Api\V1\Admin\AdminUserController","updateStatus","Sanctum","EnsureUserIsActive","AdminMiddleware","none","action-specific FormRequest or no body","none/route middleware","AdminUserService/domain services","not applicable/endpoint-specific","none","tests/Feature/Api/V1/AdminApiTest.php","yes","BACKEND_IMPLEMENTATION_REPORT.md","PASS",""
"PATCH","/api/v1/admin/users/{user}/suspend","v1.admin.users.suspend","App\Http\Controllers\Api\V1\Admin\AdminUserController","suspend","Sanctum","EnsureUserIsActive","AdminMiddleware","none","action-specific FormRequest or no body","none/route middleware","AdminUserService/domain services","not applicable/endpoint-specific","none","tests/Feature/Api/V1/AdminApiTest.php","yes","BACKEND_IMPLEMENTATION_REPORT.md","PASS",""
"GET","/api/v1/application-internal-notes/{note}","v1.application-internal-notes.show","App\Http\Controllers\Api\V1\Application\ApplicationInternalNoteController","show","Sanctum","EnsureUserIsActive","FormRequest/policy/service role checks","none","action-specific FormRequest or no body","FormRequest/policy/service authorization","ApplicationInternalNoteService/domain services","not applicable/endpoint-specific","none","tests/Feature/Api/V1/ApplicationInternalNoteTest.php","yes","BACKEND_IMPLEMENTATION_REPORT.md","PASS",""
"PATCH","/api/v1/application-internal-notes/{note}","v1.application-internal-notes.update","App\Http\Controllers\Api\V1\Application\ApplicationInternalNoteController","update","Sanctum","EnsureUserIsActive","FormRequest/policy/service role checks","none","action-specific FormRequest or no body","FormRequest/policy/service authorization","ApplicationInternalNoteService/domain services","not applicable/endpoint-specific","none","tests/Feature/Api/V1/ApplicationInternalNoteTest.php","yes","BACKEND_IMPLEMENTATION_REPORT.md","PASS",""
"DELETE","/api/v1/application-internal-notes/{note}","v1.application-internal-notes.destroy","App\Http\Controllers\Api\V1\Application\ApplicationInternalNoteController","destroy","Sanctum","EnsureUserIsActive","FormRequest/policy/service role checks","none","action-specific FormRequest or no body","FormRequest/policy/service authorization","ApplicationInternalNoteService/domain services","not applicable/endpoint-specific","none","tests/Feature/Api/V1/ApplicationInternalNoteTest.php","yes","BACKEND_IMPLEMENTATION_REPORT.md","PASS",""
"GET","/api/v1/application-internal-notes/{note}/revisions","v1.application-internal-notes.revisions.index","App\Http\Controllers\Api\V1\Application\ApplicationInternalNoteController","revisions","Sanctum","EnsureUserIsActive","FormRequest/policy/service role checks","none","action-specific FormRequest or no body","FormRequest/policy/service authorization","ApplicationInternalNoteService/domain services","not applicable/endpoint-specific","none","tests/Feature/Api/V1/ApplicationInternalNoteTest.php","yes","BACKEND_IMPLEMENTATION_REPORT.md","PASS",""
"GET","/api/v1/applications/my","v1.applications.my","App\Http\Controllers\Api\V1\Application\JobApplicationController","my","Sanctum","EnsureUserIsActive","FormRequest/policy/service role checks","EnsureCompanyApproved","action-specific FormRequest or no body","FormRequest/policy/service authorization","JobApplicationService/domain services","expected; implementation-specific","none","tests/Feature/Api/V1/JobApplicationTest.php; tests/Feature/Api/V1/ApplicationPrivacyTest.php","yes","BACKEND_IMPLEMENTATION_REPORT.md","PASS",""
"GET","/api/v1/applications/{jobApplication}","v1.applications.show","App\Http\Controllers\Api\V1\Application\JobApplicationController","show","Sanctum","EnsureUserIsActive","FormRequest/policy/service role checks","EnsureCompanyApproved","action-specific FormRequest or no body","FormRequest/policy/service authorization","JobApplicationService/domain services","expected; implementation-specific","none","tests/Feature/Api/V1/JobApplicationTest.php; tests/Feature/Api/V1/ApplicationPrivacyTest.php","yes","BACKEND_IMPLEMENTATION_REPORT.md","PASS",""
"POST","/api/v1/applications/{jobApplication}/assign-test","v1.applications.tests.assign","App\Http\Controllers\Api\V1\Test\TestAssignmentController","assign","Sanctum","EnsureUserIsActive","FormRequest/policy/service role checks","EnsureCompanyApproved","action-specific FormRequest or no body","FormRequest/policy/service authorization","TestAssignmentService/domain services","not applicable/endpoint-specific","none","tests/Feature/Api/V1/TestModuleTest.php","yes","BACKEND_IMPLEMENTATION_REPORT.md","PASS",""
"GET","/api/v1/applications/{jobApplication}/cv/download","v1.applications.cv.download","App\Http\Controllers\Api\V1\Application\JobApplicationController","downloadCV","Sanctum","EnsureUserIsActive","FormRequest/policy/service role checks","none","action-specific FormRequest or no body","FormRequest/policy/service authorization","JobApplicationService/domain services","expected; implementation-specific","none","tests/Feature/Api/V1/CVTest.php; tests/Feature/Api/V1/PrimaryCVTest.php","yes","BACKEND_IMPLEMENTATION_REPORT.md","PASS",""
"GET","/api/v1/applications/{jobApplication}/information-requests","v1.applications.information-requests.index","App\Http\Controllers\Api\V1\Application\ApplicationInformationRequestController","index","Sanctum","EnsureUserIsActive","FormRequest/policy/service role checks","none","action-specific FormRequest or no body","FormRequest/policy/service authorization","ApplicationInformationRequestService/domain services","expected; implementation-specific","none","tests/Feature/Api/V1/ApplicationInformationRequestTest.php","yes","BACKEND_IMPLEMENTATION_REPORT.md","PASS",""
"POST","/api/v1/applications/{jobApplication}/information-requests","v1.applications.information-requests.store","App\Http\Controllers\Api\V1\Application\ApplicationInformationRequestController","store","Sanctum","EnsureUserIsActive","FormRequest/policy/service role checks","none","action-specific FormRequest or no body","FormRequest/policy/service authorization","ApplicationInformationRequestService/domain services","not applicable/endpoint-specific","none","tests/Feature/Api/V1/ApplicationInformationRequestTest.php","yes","BACKEND_IMPLEMENTATION_REPORT.md","PASS",""
"GET","/api/v1/applications/{jobApplication}/internal-notes","v1.applications.internal-notes.index","App\Http\Controllers\Api\V1\Application\ApplicationInternalNoteController","index","Sanctum","EnsureUserIsActive","FormRequest/policy/service role checks","none","action-specific FormRequest or no body","FormRequest/policy/service authorization","ApplicationInternalNoteService/domain services","expected; implementation-specific","none","tests/Feature/Api/V1/ApplicationInternalNoteTest.php","yes","BACKEND_IMPLEMENTATION_REPORT.md","PASS",""
"POST","/api/v1/applications/{jobApplication}/internal-notes","v1.applications.internal-notes.store","App\Http\Controllers\Api\V1\Application\ApplicationInternalNoteController","store","Sanctum","EnsureUserIsActive","FormRequest/policy/service role checks","none","action-specific FormRequest or no body","FormRequest/policy/service authorization","ApplicationInternalNoteService/domain services","not applicable/endpoint-specific","none","tests/Feature/Api/V1/ApplicationInternalNoteTest.php","yes","BACKEND_IMPLEMENTATION_REPORT.md","PASS",""
"POST","/api/v1/applications/{jobApplication}/interviews","v1.applications.interviews.store","App\Http\Controllers\Api\V1\Interview\InterviewController","store","Sanctum","EnsureUserIsActive","FormRequest/policy/service role checks","EnsureCompanyApproved","action-specific FormRequest or no body","FormRequest/policy/service authorization","InterviewService/domain services","not applicable/endpoint-specific","none","tests/Feature/Api/V1/InterviewLifecycleTest.php; tests/Feature/Api/V1/InterviewPrivacyTest.php","yes","BACKEND_IMPLEMENTATION_REPORT.md","PASS",""
"GET","/api/v1/applications/{jobApplication}/interviews","v1.applications.interviews.index","App\Http\Controllers\Api\V1\Interview\InterviewController","indexByApplication","Sanctum","EnsureUserIsActive","FormRequest/policy/service role checks","EnsureCompanyApproved","action-specific FormRequest or no body","FormRequest/policy/service authorization","InterviewService/domain services","expected; implementation-specific","none","tests/Feature/Api/V1/InterviewLifecycleTest.php; tests/Feature/Api/V1/InterviewPrivacyTest.php","yes","BACKEND_IMPLEMENTATION_REPORT.md","PASS",""
"POST","/api/v1/applications/{jobApplication}/status","v1.applications.status","App\Http\Controllers\Api\V1\Application\JobApplicationController","changeStatus","Sanctum","EnsureUserIsActive","FormRequest/policy/service role checks","EnsureCompanyApproved","action-specific FormRequest or no body","FormRequest/policy/service authorization","JobApplicationService/domain services","not applicable/endpoint-specific","none","tests/Feature/Api/V1/JobApplicationTest.php; tests/Feature/Api/V1/ApplicationPrivacyTest.php","yes","BACKEND_IMPLEMENTATION_REPORT.md","PASS",""
"GET","/api/v1/applications/{jobApplication}/tests","v1.applications.tests.index","App\Http\Controllers\Api\V1\Test\TestAssignmentController","indexByApplication","Sanctum","EnsureUserIsActive","FormRequest/policy/service role checks","EnsureCompanyApproved","action-specific FormRequest or no body","FormRequest/policy/service authorization","TestAssignmentService/domain services","expected; implementation-specific","none","tests/Feature/Api/V1/TestModuleTest.php","yes","BACKEND_IMPLEMENTATION_REPORT.md","PASS",""
"POST","/api/v1/applications/{jobApplication}/withdraw","v1.applications.withdraw","App\Http\Controllers\Api\V1\Application\JobApplicationController","withdraw","Sanctum","EnsureUserIsActive","FormRequest/policy/service role checks","EnsureCompanyApproved","action-specific FormRequest or no body","FormRequest/policy/service authorization","JobApplicationService/domain services","not applicable/endpoint-specific","none","tests/Feature/Api/V1/JobApplicationTest.php; tests/Feature/Api/V1/ApplicationPrivacyTest.php","yes","BACKEND_IMPLEMENTATION_REPORT.md","PASS",""
"POST","/api/v1/applications/{jobPosting}","v1.applications.store","App\Http\Controllers\Api\V1\Application\JobApplicationController","store","Sanctum","EnsureUserIsActive","FormRequest/policy/service role checks","EnsureCompanyApproved","action-specific FormRequest or no body","FormRequest/policy/service authorization","JobApplicationService/domain services","not applicable/endpoint-specific","none","tests/Feature/Api/V1/JobApplicationTest.php; tests/Feature/Api/V1/ApplicationPrivacyTest.php","yes","BACKEND_IMPLEMENTATION_REPORT.md","PASS",""
"POST","/api/v1/auth/change-password","v1.auth.change-password","App\Http\Controllers\Api\V1\Auth\AuthController","changePassword","Sanctum","EnsureUserIsActive","FormRequest/policy/service role checks","none","action-specific FormRequest or no body","FormRequest/policy/service authorization","AuthService/domain services","not applicable/endpoint-specific","none","tests/Feature/Api/V1/AuthTest.php; tests/Feature/Api/V1/AccountStateTest.php","yes","BACKEND_IMPLEMENTATION_REPORT.md","PASS",""
"POST","/api/v1/auth/forgot-password","v1.auth.forgot-password","App\Http\Controllers\Api\V1\Auth\AuthController","forgotPassword","public","none","none","none","action-specific FormRequest or no body","none/route middleware","AuthService/domain services","not applicable/endpoint-specific","none","tests/Feature/Api/V1/AuthTest.php; tests/Feature/Api/V1/AccountStateTest.php","yes","BACKEND_IMPLEMENTATION_REPORT.md","PASS","Public route"
"POST","/api/v1/auth/login","v1.auth.login","App\Http\Controllers\Api\V1\Auth\AuthController","login","public","none","none","none","action-specific FormRequest or no body","none/route middleware","AuthService/domain services","not applicable/endpoint-specific","none","tests/Feature/Api/V1/AuthTest.php; tests/Feature/Api/V1/AccountStateTest.php","yes","BACKEND_IMPLEMENTATION_REPORT.md","PASS","Public route"
"POST","/api/v1/auth/logout","v1.auth.logout","App\Http\Controllers\Api\V1\Auth\AuthController","logout","Sanctum","EnsureUserIsActive","FormRequest/policy/service role checks","none","action-specific FormRequest or no body","FormRequest/policy/service authorization","AuthService/domain services","not applicable/endpoint-specific","none","tests/Feature/Api/V1/AuthTest.php; tests/Feature/Api/V1/AccountStateTest.php","yes","BACKEND_IMPLEMENTATION_REPORT.md","PASS",""
"POST","/api/v1/auth/logout-all","v1.auth.logout-all","App\Http\Controllers\Api\V1\Auth\AuthController","logoutAll","Sanctum","EnsureUserIsActive","FormRequest/policy/service role checks","none","action-specific FormRequest or no body","FormRequest/policy/service authorization","AuthService/domain services","not applicable/endpoint-specific","none","tests/Feature/Api/V1/AuthTest.php; tests/Feature/Api/V1/AccountStateTest.php","yes","BACKEND_IMPLEMENTATION_REPORT.md","PASS",""
"GET","/api/v1/auth/me","v1.auth.me","App\Http\Controllers\Api\V1\Auth\AuthController","me","Sanctum","EnsureUserIsActive","FormRequest/policy/service role checks","none","action-specific FormRequest or no body","FormRequest/policy/service authorization","AuthService/domain services","not applicable/endpoint-specific","none","tests/Feature/Api/V1/AuthTest.php; tests/Feature/Api/V1/AccountStateTest.php","yes","BACKEND_IMPLEMENTATION_REPORT.md","PASS",""
"POST","/api/v1/auth/register/employer","v1.auth.register.employer","App\Http\Controllers\Api\V1\Auth\RegistrationController","registerEmployer","public","none","none","none","action-specific FormRequest or no body","none/route middleware","RegistrationService/domain services","not applicable/endpoint-specific","none","tests/Feature/Api/V1/AuthTest.php","yes","BACKEND_IMPLEMENTATION_REPORT.md","PASS","Public route"
"POST","/api/v1/auth/register/job-seeker","v1.auth.register.job-seeker","App\Http\Controllers\Api\V1\Auth\RegistrationController","registerJobSeeker","public","none","none","none","action-specific FormRequest or no body","none/route middleware","RegistrationService/domain services","not applicable/endpoint-specific","none","tests/Feature/Api/V1/AuthTest.php","yes","BACKEND_IMPLEMENTATION_REPORT.md","PASS","Public route"
"POST","/api/v1/auth/reset-password","v1.auth.reset-password","App\Http\Controllers\Api\V1\Auth\AuthController","resetPassword","public","none","none","none","action-specific FormRequest or no body","none/route middleware","AuthService/domain services","not applicable/endpoint-specific","none","tests/Feature/Api/V1/AuthTest.php; tests/Feature/Api/V1/AccountStateTest.php","yes","BACKEND_IMPLEMENTATION_REPORT.md","PASS","Public route"
"GET","/api/v1/company","v1.company.show","App\Http\Controllers\Api\V1\Profile\CompanyController","show","Sanctum","EnsureUserIsActive","FormRequest/policy/service role checks","none","action-specific FormRequest or no body","FormRequest/policy/service authorization","CompanyService/domain services","not applicable/endpoint-specific","none","tests/Feature/Api/V1/ProfileTest.php","yes","BACKEND_IMPLEMENTATION_REPORT.md","PASS",""
"PUT","/api/v1/company","v1.company.update","App\Http\Controllers\Api\V1\Profile\CompanyController","update","Sanctum","EnsureUserIsActive","FormRequest/policy/service role checks","none","action-specific FormRequest or no body","FormRequest/policy/service authorization","CompanyService/domain services","not applicable/endpoint-specific","none","tests/Feature/Api/V1/ProfileTest.php","yes","BACKEND_IMPLEMENTATION_REPORT.md","PASS",""
"GET","/api/v1/cv","v1.cv.index","App\Http\Controllers\Api\V1\CV\CVController","index","Sanctum","EnsureUserIsActive","FormRequest/policy/service role checks","none","action-specific FormRequest or no body","FormRequest/policy/service authorization","CVService/domain services","expected; implementation-specific","none","tests/Feature/Api/V1/CVTest.php; tests/Feature/Api/V1/PrimaryCVTest.php","yes","BACKEND_IMPLEMENTATION_REPORT.md","PASS",""
"POST","/api/v1/cv/upload","v1.cv.upload","App\Http\Controllers\Api\V1\CV\CVController","upload","Sanctum","EnsureUserIsActive","FormRequest/policy/service role checks","none","action-specific FormRequest or no body","FormRequest/policy/service authorization","CVService/domain services","not applicable/endpoint-specific","none","tests/Feature/Api/V1/CVTest.php; tests/Feature/Api/V1/PrimaryCVTest.php","yes","BACKEND_IMPLEMENTATION_REPORT.md","PASS",""
"GET","/api/v1/cv/{cvFile}","v1.cv.show","App\Http\Controllers\Api\V1\CV\CVController","show","Sanctum","EnsureUserIsActive","FormRequest/policy/service role checks","none","action-specific FormRequest or no body","FormRequest/policy/service authorization","CVService/domain services","not applicable/endpoint-specific","none","tests/Feature/Api/V1/CVTest.php; tests/Feature/Api/V1/PrimaryCVTest.php","yes","BACKEND_IMPLEMENTATION_REPORT.md","PASS",""
"PATCH","/api/v1/cv/{cvFile}","v1.cv.update","App\Http\Controllers\Api\V1\CV\CVController","update","Sanctum","EnsureUserIsActive","FormRequest/policy/service role checks","none","action-specific FormRequest or no body","FormRequest/policy/service authorization","CVService/domain services","not applicable/endpoint-specific","none","tests/Feature/Api/V1/CVTest.php; tests/Feature/Api/V1/PrimaryCVTest.php","yes","BACKEND_IMPLEMENTATION_REPORT.md","PASS",""
"POST","/api/v1/cv/{cvFile}/archive","v1.cv.archive","App\Http\Controllers\Api\V1\CV\CVController","archive","Sanctum","EnsureUserIsActive","FormRequest/policy/service role checks","none","action-specific FormRequest or no body","FormRequest/policy/service authorization","CVService/domain services","not applicable/endpoint-specific","none","tests/Feature/Api/V1/CVTest.php; tests/Feature/Api/V1/PrimaryCVTest.php","yes","BACKEND_IMPLEMENTATION_REPORT.md","PASS",""
"POST","/api/v1/cv/{cvFile}/confirm","v1.cv.confirm","App\Http\Controllers\Api\V1\CV\CVController","confirm","Sanctum","EnsureUserIsActive","FormRequest/policy/service role checks","none","action-specific FormRequest or no body","FormRequest/policy/service authorization","CVService/domain services","not applicable/endpoint-specific","none","tests/Feature/Api/V1/CVTest.php; tests/Feature/Api/V1/PrimaryCVTest.php","yes","BACKEND_IMPLEMENTATION_REPORT.md","PASS",""
"GET","/api/v1/cv/{cvFile}/download","v1.cv.download","App\Http\Controllers\Api\V1\CV\CVController","download","Sanctum","EnsureUserIsActive","FormRequest/policy/service role checks","none","action-specific FormRequest or no body","FormRequest/policy/service authorization","CVService/domain services","not applicable/endpoint-specific","none","tests/Feature/Api/V1/CVTest.php; tests/Feature/Api/V1/PrimaryCVTest.php","yes","BACKEND_IMPLEMENTATION_REPORT.md","PASS",""
"POST","/api/v1/cv/{cvFile}/make-primary","v1.cv.make-primary","App\Http\Controllers\Api\V1\CV\CVController","makePrimary","Sanctum","EnsureUserIsActive","FormRequest/policy/service role checks","none","action-specific FormRequest or no body","FormRequest/policy/service authorization","CVService/domain services","not applicable/endpoint-specific","none","tests/Feature/Api/V1/CVTest.php; tests/Feature/Api/V1/PrimaryCVTest.php","yes","BACKEND_IMPLEMENTATION_REPORT.md","PASS",""
"GET","/api/v1/cv/{cvFile}/parsed","v1.cv.parsed","App\Http\Controllers\Api\V1\CV\CVController","parsed","Sanctum","EnsureUserIsActive","FormRequest/policy/service role checks","none","action-specific FormRequest or no body","FormRequest/policy/service authorization","CVService/domain services","not applicable/endpoint-specific","none","tests/Feature/Api/V1/CVTest.php; tests/Feature/Api/V1/PrimaryCVTest.php","yes","BACKEND_IMPLEMENTATION_REPORT.md","PASS",""
"POST","/api/v1/cv/{cvFile}/restore","v1.cv.restore","App\Http\Controllers\Api\V1\CV\CVController","restore","Sanctum","EnsureUserIsActive","FormRequest/policy/service role checks","none","action-specific FormRequest or no body","FormRequest/policy/service authorization","CVService/domain services","not applicable/endpoint-specific","none","tests/Feature/Api/V1/CVTest.php; tests/Feature/Api/V1/PrimaryCVTest.php","yes","BACKEND_IMPLEMENTATION_REPORT.md","PASS",""
"GET","/api/v1/cv/{cvFile}/suggestions","v1.cv.suggestions.index","App\Http\Controllers\Api\V1\Profile\ProfileSuggestionController","index","Sanctum","EnsureUserIsActive","FormRequest/policy/service role checks","none","action-specific FormRequest or no body","FormRequest/policy/service authorization","ProfileSuggestionService/domain services","expected; implementation-specific","none","tests/Feature/Api/V1/ProfileSuggestionTest.php","yes","BACKEND_IMPLEMENTATION_REPORT.md","PASS",""
"POST","/api/v1/cv/{cvFile}/suggestions/generate","v1.cv.suggestions.generate","App\Http\Controllers\Api\V1\Profile\ProfileSuggestionController","generate","Sanctum","EnsureUserIsActive","FormRequest/policy/service role checks","none","action-specific FormRequest or no body","FormRequest/policy/service authorization","ProfileSuggestionService/domain services","not applicable/endpoint-specific","none","tests/Feature/Api/V1/ProfileSuggestionTest.php","yes","BACKEND_IMPLEMENTATION_REPORT.md","PASS",""
"GET","/api/v1/employer/profile","v1.employer.profile.show","App\Http\Controllers\Api\V1\Profile\EmployerProfileController","show","Sanctum","EnsureUserIsActive","FormRequest/policy/service role checks","none","action-specific FormRequest or no body","FormRequest/policy/service authorization","EmployerProfileService/domain services","not applicable/endpoint-specific","none","tests/Feature/Api/V1/ProfileTest.php","yes","BACKEND_IMPLEMENTATION_REPORT.md","PASS",""
"PUT","/api/v1/employer/profile","v1.employer.profile.update","App\Http\Controllers\Api\V1\Profile\EmployerProfileController","update","Sanctum","EnsureUserIsActive","FormRequest/policy/service role checks","none","action-specific FormRequest or no body","FormRequest/policy/service authorization","EmployerProfileService/domain services","not applicable/endpoint-specific","none","tests/Feature/Api/V1/ProfileTest.php","yes","BACKEND_IMPLEMENTATION_REPORT.md","PASS",""
"GET","/api/v1/information-requests/{informationRequest}","v1.information-requests.show","App\Http\Controllers\Api\V1\Application\ApplicationInformationRequestController","show","Sanctum","EnsureUserIsActive","FormRequest/policy/service role checks","none","action-specific FormRequest or no body","FormRequest/policy/service authorization","ApplicationInformationRequestService/domain services","not applicable/endpoint-specific","none","tests/Feature/Api/V1/ApplicationInformationRequestTest.php","yes","BACKEND_IMPLEMENTATION_REPORT.md","PASS",""
"PATCH","/api/v1/information-requests/{informationRequest}","v1.information-requests.update","App\Http\Controllers\Api\V1\Application\ApplicationInformationRequestController","update","Sanctum","EnsureUserIsActive","FormRequest/policy/service role checks","none","action-specific FormRequest or no body","FormRequest/policy/service authorization","ApplicationInformationRequestService/domain services","not applicable/endpoint-specific","none","tests/Feature/Api/V1/ApplicationInformationRequestTest.php","yes","BACKEND_IMPLEMENTATION_REPORT.md","PASS",""
"POST","/api/v1/information-requests/{informationRequest}/cancel","v1.information-requests.cancel","App\Http\Controllers\Api\V1\Application\ApplicationInformationRequestController","cancel","Sanctum","EnsureUserIsActive","FormRequest/policy/service role checks","none","action-specific FormRequest or no body","FormRequest/policy/service authorization","ApplicationInformationRequestService/domain services","not applicable/endpoint-specific","none","tests/Feature/Api/V1/ApplicationInformationRequestTest.php","yes","BACKEND_IMPLEMENTATION_REPORT.md","PASS",""
"POST","/api/v1/information-requests/{informationRequest}/respond","v1.information-requests.respond","App\Http\Controllers\Api\V1\Application\ApplicationInformationRequestController","respond","Sanctum","EnsureUserIsActive","FormRequest/policy/service role checks","none","action-specific FormRequest or no body","FormRequest/policy/service authorization","ApplicationInformationRequestService/domain services","not applicable/endpoint-specific","none","tests/Feature/Api/V1/ApplicationInformationRequestTest.php","yes","BACKEND_IMPLEMENTATION_REPORT.md","PASS",""
"GET","/api/v1/information-response-attachments/{attachment}/download","v1.information-response-attachments.download","App\Http\Controllers\Api\V1\Application\ApplicationInformationRequestController","download","Sanctum","EnsureUserIsActive","FormRequest/policy/service role checks","none","action-specific FormRequest or no body","FormRequest/policy/service authorization","ApplicationInformationRequestService/domain services","not applicable/endpoint-specific","none","tests/Feature/Api/V1/ApplicationInformationRequestTest.php","yes","BACKEND_IMPLEMENTATION_REPORT.md","PASS",""
"PUT","/api/v1/interviews/{interview}","v1.interviews.update","App\Http\Controllers\Api\V1\Interview\InterviewController","update","Sanctum","EnsureUserIsActive","FormRequest/policy/service role checks","EnsureCompanyApproved","action-specific FormRequest or no body","FormRequest/policy/service authorization","InterviewService/domain services","not applicable/endpoint-specific","none","tests/Feature/Api/V1/InterviewLifecycleTest.php; tests/Feature/Api/V1/InterviewPrivacyTest.php","yes","BACKEND_IMPLEMENTATION_REPORT.md","PASS",""
"PATCH","/api/v1/interviews/{interview}","v1.interviews.patch","App\Http\Controllers\Api\V1\Interview\InterviewController","update","Sanctum","EnsureUserIsActive","FormRequest/policy/service role checks","EnsureCompanyApproved","action-specific FormRequest or no body","FormRequest/policy/service authorization","InterviewService/domain services","not applicable/endpoint-specific","none","tests/Feature/Api/V1/InterviewLifecycleTest.php; tests/Feature/Api/V1/InterviewPrivacyTest.php","no","BACKEND_IMPLEMENTATION_REPORT.md","REVIEW","No normalized Postman method/path match"
"DELETE","/api/v1/interviews/{interview}","v1.interviews.destroy","App\Http\Controllers\Api\V1\Interview\InterviewController","destroy","Sanctum","EnsureUserIsActive","FormRequest/policy/service role checks","EnsureCompanyApproved","action-specific FormRequest or no body","FormRequest/policy/service authorization","InterviewService/domain services","not applicable/endpoint-specific","none","tests/Feature/Api/V1/InterviewLifecycleTest.php; tests/Feature/Api/V1/InterviewPrivacyTest.php","no","BACKEND_IMPLEMENTATION_REPORT.md","REVIEW","No normalized Postman method/path match"
"GET","/api/v1/interviews/{interview}","v1.interviews.show","App\Http\Controllers\Api\V1\Interview\InterviewController","show","Sanctum","EnsureUserIsActive","FormRequest/policy/service role checks","EnsureCompanyApproved","action-specific FormRequest or no body","FormRequest/policy/service authorization","InterviewService/domain services","not applicable/endpoint-specific","none","tests/Feature/Api/V1/InterviewLifecycleTest.php; tests/Feature/Api/V1/InterviewPrivacyTest.php","yes","BACKEND_IMPLEMENTATION_REPORT.md","PASS",""
"PUT","/api/v1/interviews/{interview}/attendance","v1.interviews.attendance","App\Http\Controllers\Api\V1\Interview\InterviewController","attendance","Sanctum","EnsureUserIsActive","FormRequest/policy/service role checks","EnsureCompanyApproved","action-specific FormRequest or no body","FormRequest/policy/service authorization","InterviewService/domain services","not applicable/endpoint-specific","none","tests/Feature/Api/V1/InterviewLifecycleTest.php; tests/Feature/Api/V1/InterviewPrivacyTest.php","yes","BACKEND_IMPLEMENTATION_REPORT.md","PASS",""
"POST","/api/v1/interviews/{interview}/cancel","v1.interviews.cancel","App\Http\Controllers\Api\V1\Interview\InterviewController","cancel","Sanctum","EnsureUserIsActive","FormRequest/policy/service role checks","EnsureCompanyApproved","action-specific FormRequest or no body","FormRequest/policy/service authorization","InterviewService/domain services","not applicable/endpoint-specific","none","tests/Feature/Api/V1/InterviewLifecycleTest.php; tests/Feature/Api/V1/InterviewPrivacyTest.php","yes","BACKEND_IMPLEMENTATION_REPORT.md","PASS",""
"POST","/api/v1/interviews/{interview}/complete","v1.interviews.complete","App\Http\Controllers\Api\V1\Interview\InterviewController","complete","Sanctum","EnsureUserIsActive","FormRequest/policy/service role checks","EnsureCompanyApproved","action-specific FormRequest or no body","FormRequest/policy/service authorization","InterviewService/domain services","not applicable/endpoint-specific","none","tests/Feature/Api/V1/InterviewLifecycleTest.php; tests/Feature/Api/V1/InterviewPrivacyTest.php","yes","BACKEND_IMPLEMENTATION_REPORT.md","PASS",""
"POST","/api/v1/interviews/{interview}/confirm","v1.interviews.confirm","App\Http\Controllers\Api\V1\Interview\InterviewController","confirm","Sanctum","EnsureUserIsActive","FormRequest/policy/service role checks","EnsureCompanyApproved","action-specific FormRequest or no body","FormRequest/policy/service authorization","InterviewService/domain services","not applicable/endpoint-specific","none","tests/Feature/Api/V1/InterviewLifecycleTest.php; tests/Feature/Api/V1/InterviewPrivacyTest.php","yes","BACKEND_IMPLEMENTATION_REPORT.md","PASS",""
"POST","/api/v1/interviews/{interview}/evaluate","v1.interviews.evaluate","App\Http\Controllers\Api\V1\Interview\InterviewController","evaluate","Sanctum","EnsureUserIsActive","FormRequest/policy/service role checks","EnsureCompanyApproved","action-specific FormRequest or no body","FormRequest/policy/service authorization","InterviewService/domain services","not applicable/endpoint-specific","none","tests/Feature/Api/V1/InterviewLifecycleTest.php; tests/Feature/Api/V1/InterviewPrivacyTest.php","yes","BACKEND_IMPLEMENTATION_REPORT.md","PASS",""
"POST","/api/v1/interviews/{interview}/evaluation","v1.interviews.evaluation.store","App\Http\Controllers\Api\V1\Interview\InterviewController","evaluate","Sanctum","EnsureUserIsActive","FormRequest/policy/service role checks","EnsureCompanyApproved","action-specific FormRequest or no body","FormRequest/policy/service authorization","InterviewService/domain services","not applicable/endpoint-specific","none","tests/Feature/Api/V1/InterviewLifecycleTest.php; tests/Feature/Api/V1/InterviewPrivacyTest.php","no","BACKEND_IMPLEMENTATION_REPORT.md","REVIEW","No normalized Postman method/path match"
"POST","/api/v1/interviews/{interview}/no-show","v1.interviews.no-show","App\Http\Controllers\Api\V1\Interview\InterviewController","noShow","Sanctum","EnsureUserIsActive","FormRequest/policy/service role checks","EnsureCompanyApproved","action-specific FormRequest or no body","FormRequest/policy/service authorization","InterviewService/domain services","not applicable/endpoint-specific","none","tests/Feature/Api/V1/InterviewLifecycleTest.php; tests/Feature/Api/V1/InterviewPrivacyTest.php","yes","BACKEND_IMPLEMENTATION_REPORT.md","PASS",""
"POST","/api/v1/interviews/{interview}/reschedule","v1.interviews.reschedule","App\Http\Controllers\Api\V1\Interview\InterviewController","reschedule","Sanctum","EnsureUserIsActive","FormRequest/policy/service role checks","EnsureCompanyApproved","action-specific FormRequest or no body","FormRequest/policy/service authorization","InterviewService/domain services","not applicable/endpoint-specific","none","tests/Feature/Api/V1/InterviewLifecycleTest.php; tests/Feature/Api/V1/InterviewPrivacyTest.php","yes","BACKEND_IMPLEMENTATION_REPORT.md","PASS",""
"GET","/api/v1/interviews/{interview}/schedule-history","v1.interviews.schedule-history","App\Http\Controllers\Api\V1\Interview\InterviewController","scheduleHistory","Sanctum","EnsureUserIsActive","FormRequest/policy/service role checks","EnsureCompanyApproved","action-specific FormRequest or no body","FormRequest/policy/service authorization","InterviewService/domain services","expected; implementation-specific","none","tests/Feature/Api/V1/InterviewLifecycleTest.php; tests/Feature/Api/V1/InterviewPrivacyTest.php","no","BACKEND_IMPLEMENTATION_REPORT.md","REVIEW","No normalized Postman method/path match"
"GET","/api/v1/interviews/{interview}/status-history","v1.interviews.status-history","App\Http\Controllers\Api\V1\Interview\InterviewController","statusHistory","Sanctum","EnsureUserIsActive","FormRequest/policy/service role checks","EnsureCompanyApproved","action-specific FormRequest or no body","FormRequest/policy/service authorization","InterviewService/domain services","expected; implementation-specific","none","tests/Feature/Api/V1/InterviewLifecycleTest.php; tests/Feature/Api/V1/InterviewPrivacyTest.php","no","BACKEND_IMPLEMENTATION_REPORT.md","REVIEW","No normalized Postman method/path match"
"POST","/api/v1/jobs","v1.jobs.store","App\Http\Controllers\Api\V1\JobPosting\JobPostingController","store","Sanctum","EnsureUserIsActive","FormRequest/policy/service role checks","EnsureCompanyApproved","action-specific FormRequest or no body","FormRequest/policy/service authorization","JobPostingService/domain services","not applicable/endpoint-specific","none","tests/Feature/Api/V1/JobPostingTest.php","yes","BACKEND_IMPLEMENTATION_REPORT.md","PASS",""
"GET","/api/v1/jobs","v1.jobs.index","App\Http\Controllers\Api\V1\JobPosting\JobPostingController","index","public","none","none","none","action-specific FormRequest or no body","none/route middleware","JobPostingService/domain services","expected; implementation-specific","none","tests/Feature/Api/V1/JobPostingTest.php","yes","BACKEND_IMPLEMENTATION_REPORT.md","PASS","Public route"
"GET","/api/v1/jobs/my","v1.jobs.my","App\Http\Controllers\Api\V1\JobPosting\JobPostingController","my","Sanctum","EnsureUserIsActive","FormRequest/policy/service role checks","EnsureCompanyApproved","action-specific FormRequest or no body","FormRequest/policy/service authorization","JobPostingService/domain services","expected; implementation-specific","none","tests/Feature/Api/V1/JobPostingTest.php","yes","BACKEND_IMPLEMENTATION_REPORT.md","PASS",""
"GET","/api/v1/jobs/recommended","v1.jobs.recommended","App\Http\Controllers\Api\V1\JobPosting\JobPostingController","recommended","Sanctum","EnsureUserIsActive","FormRequest/policy/service role checks","EnsureCompanyApproved","action-specific FormRequest or no body","FormRequest/policy/service authorization","JobPostingService/domain services","expected; implementation-specific","none","tests/Feature/Api/V1/JobPostingTest.php","yes","BACKEND_IMPLEMENTATION_REPORT.md","PASS",""
"PUT","/api/v1/jobs/{jobPosting}","v1.jobs.update","App\Http\Controllers\Api\V1\JobPosting\JobPostingController","update","Sanctum","EnsureUserIsActive","FormRequest/policy/service role checks","EnsureCompanyApproved","action-specific FormRequest or no body","FormRequest/policy/service authorization","JobPostingService/domain services","not applicable/endpoint-specific","none","tests/Feature/Api/V1/JobPostingTest.php","yes","BACKEND_IMPLEMENTATION_REPORT.md","PASS",""
"DELETE","/api/v1/jobs/{jobPosting}","v1.jobs.destroy","App\Http\Controllers\Api\V1\JobPosting\JobPostingController","destroy","Sanctum","EnsureUserIsActive","FormRequest/policy/service role checks","EnsureCompanyApproved","action-specific FormRequest or no body","FormRequest/policy/service authorization","JobPostingService/domain services","not applicable/endpoint-specific","none","tests/Feature/Api/V1/JobPostingTest.php","yes","BACKEND_IMPLEMENTATION_REPORT.md","PASS",""
"GET","/api/v1/jobs/{jobPosting}","v1.jobs.show","App\Http\Controllers\Api\V1\JobPosting\JobPostingController","show","public","none","none","none","action-specific FormRequest or no body","none/route middleware","JobPostingService/domain services","expected; implementation-specific","none","tests/Feature/Api/V1/JobPostingTest.php","yes","BACKEND_IMPLEMENTATION_REPORT.md","PASS","Public route"
"GET","/api/v1/jobs/{jobPosting}/applications","v1.jobs.applications.index","App\Http\Controllers\Api\V1\Application\JobApplicationController","indexByJob","Sanctum","EnsureUserIsActive","FormRequest/policy/service role checks","EnsureCompanyApproved","action-specific FormRequest or no body","FormRequest/policy/service authorization","JobApplicationService/domain services","expected; implementation-specific","none","tests/Feature/Api/V1/JobApplicationTest.php; tests/Feature/Api/V1/ApplicationPrivacyTest.php","yes","BACKEND_IMPLEMENTATION_REPORT.md","PASS",""
"POST","/api/v1/jobs/{jobPosting}/applications","v1.jobs.applications.store","App\Http\Controllers\Api\V1\Application\JobApplicationController","store","Sanctum","EnsureUserIsActive","FormRequest/policy/service role checks","EnsureCompanyApproved","action-specific FormRequest or no body","FormRequest/policy/service authorization","JobApplicationService/domain services","not applicable/endpoint-specific","none","tests/Feature/Api/V1/JobApplicationTest.php; tests/Feature/Api/V1/ApplicationPrivacyTest.php","yes","BACKEND_IMPLEMENTATION_REPORT.md","PASS",""
"GET","/api/v1/jobs/{jobPosting}/candidates/ranked","v1.jobs.candidates.ranked","App\Http\Controllers\Api\V1\JobPosting\JobPostingController","rankedCandidates","Sanctum","EnsureUserIsActive","FormRequest/policy/service role checks","EnsureCompanyApproved","action-specific FormRequest or no body","FormRequest/policy/service authorization","JobPostingService/domain services","expected; implementation-specific","none","tests/Feature/Api/V1/JobPostingTest.php","yes","BACKEND_IMPLEMENTATION_REPORT.md","PASS",""
"POST","/api/v1/jobs/{jobPosting}/close","v1.jobs.close","App\Http\Controllers\Api\V1\JobPosting\JobPostingController","close","Sanctum","EnsureUserIsActive","FormRequest/policy/service role checks","EnsureCompanyApproved","action-specific FormRequest or no body","FormRequest/policy/service authorization","JobPostingService/domain services","not applicable/endpoint-specific","none","tests/Feature/Api/V1/JobPostingTest.php","yes","BACKEND_IMPLEMENTATION_REPORT.md","PASS",""
"POST","/api/v1/jobs/{jobPosting}/publish","v1.jobs.publish","App\Http\Controllers\Api\V1\JobPosting\JobPostingController","publish","Sanctum","EnsureUserIsActive","FormRequest/policy/service role checks","EnsureCompanyApproved","action-specific FormRequest or no body","FormRequest/policy/service authorization","JobPostingService/domain services","not applicable/endpoint-specific","none","tests/Feature/Api/V1/JobPostingTest.php","yes","BACKEND_IMPLEMENTATION_REPORT.md","PASS",""
"POST","/api/v1/jobs/{jobPosting}/skills","v1.jobs.skills.store","App\Http\Controllers\Api\V1\JobPosting\JobPostingController","attachSkills","Sanctum","EnsureUserIsActive","FormRequest/policy/service role checks","EnsureCompanyApproved","action-specific FormRequest or no body","FormRequest/policy/service authorization","JobPostingService/domain services","not applicable/endpoint-specific","none","tests/Feature/Api/V1/JobPostingTest.php","yes","BACKEND_IMPLEMENTATION_REPORT.md","PASS",""
"DELETE","/api/v1/jobs/{jobPosting}/skills/{skill}","v1.jobs.skills.destroy","App\Http\Controllers\Api\V1\JobPosting\JobPostingController","detachSkill","Sanctum","EnsureUserIsActive","FormRequest/policy/service role checks","EnsureCompanyApproved","action-specific FormRequest or no body","FormRequest/policy/service authorization","JobPostingService/domain services","not applicable/endpoint-specific","none","tests/Feature/Api/V1/JobPostingTest.php","no","BACKEND_IMPLEMENTATION_REPORT.md","REVIEW","No normalized Postman method/path match"
"GET","/api/v1/my/interviews","v1.interviews.my","App\Http\Controllers\Api\V1\Interview\InterviewController","my","Sanctum","EnsureUserIsActive","FormRequest/policy/service role checks","EnsureCompanyApproved","action-specific FormRequest or no body","FormRequest/policy/service authorization","InterviewService/domain services","expected; implementation-specific","none","tests/Feature/Api/V1/InterviewLifecycleTest.php; tests/Feature/Api/V1/InterviewPrivacyTest.php","yes","BACKEND_IMPLEMENTATION_REPORT.md","PASS",""
"GET","/api/v1/my/tests","v1.tests.my","App\Http\Controllers\Api\V1\Test\TestAssignmentController","my","Sanctum","EnsureUserIsActive","FormRequest/policy/service role checks","EnsureCompanyApproved","action-specific FormRequest or no body","FormRequest/policy/service authorization","TestAssignmentService/domain services","expected; implementation-specific","none","tests/Feature/Api/V1/TestModuleTest.php","yes","BACKEND_IMPLEMENTATION_REPORT.md","PASS",""
"GET","/api/v1/notifications","v1.notifications.index","App\Http\Controllers\Api\V1\Notification\NotificationController","index","Sanctum","EnsureUserIsActive","FormRequest/policy/service role checks","none","action-specific FormRequest or no body","FormRequest/policy/service authorization","NotificationService/domain services","expected; implementation-specific","none","tests/Feature/Api/V1/NotificationTest.php","no","BACKEND_IMPLEMENTATION_REPORT.md","REVIEW","No normalized Postman method/path match"
"PATCH","/api/v1/notifications/read-all","v1.notifications.read-all","App\Http\Controllers\Api\V1\Notification\NotificationController","markAllAsRead","Sanctum","EnsureUserIsActive","FormRequest/policy/service role checks","none","action-specific FormRequest or no body","FormRequest/policy/service authorization","NotificationService/domain services","not applicable/endpoint-specific","none","tests/Feature/Api/V1/NotificationTest.php","yes","BACKEND_IMPLEMENTATION_REPORT.md","PASS",""
"GET","/api/v1/notifications/unread-count","v1.notifications.unread-count","App\Http\Controllers\Api\V1\Notification\NotificationController","unreadCount","Sanctum","EnsureUserIsActive","FormRequest/policy/service role checks","none","action-specific FormRequest or no body","FormRequest/policy/service authorization","NotificationService/domain services","expected; implementation-specific","none","tests/Feature/Api/V1/NotificationTest.php","yes","BACKEND_IMPLEMENTATION_REPORT.md","PASS",""
"DELETE","/api/v1/notifications/{notification}","v1.notifications.destroy","App\Http\Controllers\Api\V1\Notification\NotificationController","destroy","Sanctum","EnsureUserIsActive","FormRequest/policy/service role checks","none","action-specific FormRequest or no body","FormRequest/policy/service authorization","NotificationService/domain services","not applicable/endpoint-specific","none","tests/Feature/Api/V1/NotificationTest.php","yes","BACKEND_IMPLEMENTATION_REPORT.md","PASS",""
"PATCH","/api/v1/notifications/{notification}/read","v1.notifications.read","App\Http\Controllers\Api\V1\Notification\NotificationController","markAsRead","Sanctum","EnsureUserIsActive","FormRequest/policy/service role checks","none","action-specific FormRequest or no body","FormRequest/policy/service authorization","NotificationService/domain services","not applicable/endpoint-specific","none","tests/Feature/Api/V1/NotificationTest.php","yes","BACKEND_IMPLEMENTATION_REPORT.md","PASS",""
"POST","/api/v1/notifications/{notification}/read","v1.notifications.read.legacy","App\Http\Controllers\Api\V1\Notification\NotificationController","markAsRead","Sanctum","EnsureUserIsActive","FormRequest/policy/service role checks","none","action-specific FormRequest or no body","FormRequest/policy/service authorization","NotificationService/domain services","not applicable/endpoint-specific","none","tests/Feature/Api/V1/NotificationTest.php","no","BACKEND_IMPLEMENTATION_REPORT.md","REVIEW","No normalized Postman method/path match"
"GET","/api/v1/profile","v1.profile.show","App\Http\Controllers\Api\V1\Profile\ProfileController","show","Sanctum","EnsureUserIsActive","FormRequest/policy/service role checks","none","action-specific FormRequest or no body","FormRequest/policy/service authorization","ProfileService/domain services","not applicable/endpoint-specific","none","tests/Feature/Api/V1/ProfileTest.php","yes","BACKEND_IMPLEMENTATION_REPORT.md","PASS",""
"PUT","/api/v1/profile","v1.profile.update","App\Http\Controllers\Api\V1\Profile\ProfileController","update","Sanctum","EnsureUserIsActive","FormRequest/policy/service role checks","none","action-specific FormRequest or no body","FormRequest/policy/service authorization","ProfileService/domain services","not applicable/endpoint-specific","none","tests/Feature/Api/V1/ProfileTest.php","yes","BACKEND_IMPLEMENTATION_REPORT.md","PASS",""
"GET","/api/v1/profile/education","v1.profile.education.index","App\Http\Controllers\Api\V1\Profile\EducationController","index","Sanctum","EnsureUserIsActive","FormRequest/policy/service role checks","none","action-specific FormRequest or no body","FormRequest/policy/service authorization","EducationService/domain services","expected; implementation-specific","none","tests/Feature/Api/V1/ProfileTest.php","yes","BACKEND_IMPLEMENTATION_REPORT.md","PASS",""
"POST","/api/v1/profile/education","v1.profile.education.store","App\Http\Controllers\Api\V1\Profile\EducationController","store","Sanctum","EnsureUserIsActive","FormRequest/policy/service role checks","none","action-specific FormRequest or no body","FormRequest/policy/service authorization","EducationService/domain services","not applicable/endpoint-specific","none","tests/Feature/Api/V1/ProfileTest.php","yes","BACKEND_IMPLEMENTATION_REPORT.md","PASS",""
"GET","/api/v1/profile/education/{education}","v1.profile.education.show","App\Http\Controllers\Api\V1\Profile\EducationController","show","Sanctum","EnsureUserIsActive","FormRequest/policy/service role checks","none","action-specific FormRequest or no body","FormRequest/policy/service authorization","EducationService/domain services","not applicable/endpoint-specific","none","tests/Feature/Api/V1/ProfileTest.php","no","BACKEND_IMPLEMENTATION_REPORT.md","REVIEW","No normalized Postman method/path match"
"PUT","/api/v1/profile/education/{education}","v1.profile.education.update","App\Http\Controllers\Api\V1\Profile\EducationController","update","Sanctum","EnsureUserIsActive","FormRequest/policy/service role checks","none","action-specific FormRequest or no body","FormRequest/policy/service authorization","EducationService/domain services","not applicable/endpoint-specific","none","tests/Feature/Api/V1/ProfileTest.php","no","BACKEND_IMPLEMENTATION_REPORT.md","REVIEW","No normalized Postman method/path match"
"PATCH","/api/v1/profile/education/{education}","v1.profile.education.update","App\Http\Controllers\Api\V1\Profile\EducationController","update","Sanctum","EnsureUserIsActive","FormRequest/policy/service role checks","none","action-specific FormRequest or no body","FormRequest/policy/service authorization","EducationService/domain services","not applicable/endpoint-specific","none","tests/Feature/Api/V1/ProfileTest.php","no","BACKEND_IMPLEMENTATION_REPORT.md","REVIEW","No normalized Postman method/path match"
"DELETE","/api/v1/profile/education/{education}","v1.profile.education.destroy","App\Http\Controllers\Api\V1\Profile\EducationController","destroy","Sanctum","EnsureUserIsActive","FormRequest/policy/service role checks","none","action-specific FormRequest or no body","FormRequest/policy/service authorization","EducationService/domain services","not applicable/endpoint-specific","none","tests/Feature/Api/V1/ProfileTest.php","no","BACKEND_IMPLEMENTATION_REPORT.md","REVIEW","No normalized Postman method/path match"
"GET","/api/v1/profile/experiences","v1.profile.experiences.index","App\Http\Controllers\Api\V1\Profile\ExperienceController","index","Sanctum","EnsureUserIsActive","FormRequest/policy/service role checks","none","action-specific FormRequest or no body","FormRequest/policy/service authorization","ExperienceService/domain services","expected; implementation-specific","none","tests/Feature/Api/V1/ProfileTest.php","yes","BACKEND_IMPLEMENTATION_REPORT.md","PASS",""
"POST","/api/v1/profile/experiences","v1.profile.experiences.store","App\Http\Controllers\Api\V1\Profile\ExperienceController","store","Sanctum","EnsureUserIsActive","FormRequest/policy/service role checks","none","action-specific FormRequest or no body","FormRequest/policy/service authorization","ExperienceService/domain services","not applicable/endpoint-specific","none","tests/Feature/Api/V1/ProfileTest.php","yes","BACKEND_IMPLEMENTATION_REPORT.md","PASS",""
"GET","/api/v1/profile/experiences/{experience}","v1.profile.experiences.show","App\Http\Controllers\Api\V1\Profile\ExperienceController","show","Sanctum","EnsureUserIsActive","FormRequest/policy/service role checks","none","action-specific FormRequest or no body","FormRequest/policy/service authorization","ExperienceService/domain services","not applicable/endpoint-specific","none","tests/Feature/Api/V1/ProfileTest.php","no","BACKEND_IMPLEMENTATION_REPORT.md","REVIEW","No normalized Postman method/path match"
"PUT","/api/v1/profile/experiences/{experience}","v1.profile.experiences.update","App\Http\Controllers\Api\V1\Profile\ExperienceController","update","Sanctum","EnsureUserIsActive","FormRequest/policy/service role checks","none","action-specific FormRequest or no body","FormRequest/policy/service authorization","ExperienceService/domain services","not applicable/endpoint-specific","none","tests/Feature/Api/V1/ProfileTest.php","yes","BACKEND_IMPLEMENTATION_REPORT.md","PASS",""
"PATCH","/api/v1/profile/experiences/{experience}","v1.profile.experiences.update","App\Http\Controllers\Api\V1\Profile\ExperienceController","update","Sanctum","EnsureUserIsActive","FormRequest/policy/service role checks","none","action-specific FormRequest or no body","FormRequest/policy/service authorization","ExperienceService/domain services","not applicable/endpoint-specific","none","tests/Feature/Api/V1/ProfileTest.php","no","BACKEND_IMPLEMENTATION_REPORT.md","REVIEW","No normalized Postman method/path match"
"DELETE","/api/v1/profile/experiences/{experience}","v1.profile.experiences.destroy","App\Http\Controllers\Api\V1\Profile\ExperienceController","destroy","Sanctum","EnsureUserIsActive","FormRequest/policy/service role checks","none","action-specific FormRequest or no body","FormRequest/policy/service authorization","ExperienceService/domain services","not applicable/endpoint-specific","none","tests/Feature/Api/V1/ProfileTest.php","no","BACKEND_IMPLEMENTATION_REPORT.md","REVIEW","No normalized Postman method/path match"
"POST","/api/v1/profile/skills","v1.profile.skills.store","App\Http\Controllers\Api\V1\Profile\ProfileSkillController","store","Sanctum","EnsureUserIsActive","FormRequest/policy/service role checks","none","action-specific FormRequest or no body","FormRequest/policy/service authorization","ProfileSkillService/domain services","not applicable/endpoint-specific","none","tests/Feature/Api/V1/ProfileTest.php","yes","BACKEND_IMPLEMENTATION_REPORT.md","PASS",""
"DELETE","/api/v1/profile/skills/{skill}","v1.profile.skills.destroy","App\Http\Controllers\Api\V1\Profile\ProfileSkillController","destroy","Sanctum","EnsureUserIsActive","FormRequest/policy/service role checks","none","action-specific FormRequest or no body","FormRequest/policy/service authorization","ProfileSkillService/domain services","not applicable/endpoint-specific","none","tests/Feature/Api/V1/ProfileTest.php","yes","BACKEND_IMPLEMENTATION_REPORT.md","PASS",""
"POST","/api/v1/profile/suggestions/apply-bulk","v1.profile.suggestions.apply-bulk","App\Http\Controllers\Api\V1\Profile\ProfileSuggestionController","applyBulk","Sanctum","EnsureUserIsActive","FormRequest/policy/service role checks","none","action-specific FormRequest or no body","FormRequest/policy/service authorization","ProfileSuggestionService/domain services","not applicable/endpoint-specific","none","tests/Feature/Api/V1/ProfileSuggestionTest.php","yes","BACKEND_IMPLEMENTATION_REPORT.md","PASS",""
"POST","/api/v1/profile/suggestions/{suggestion}/accept","v1.profile.suggestions.accept","App\Http\Controllers\Api\V1\Profile\ProfileSuggestionController","accept","Sanctum","EnsureUserIsActive","FormRequest/policy/service role checks","none","action-specific FormRequest or no body","FormRequest/policy/service authorization","ProfileSuggestionService/domain services","not applicable/endpoint-specific","none","tests/Feature/Api/V1/ProfileSuggestionTest.php","yes","BACKEND_IMPLEMENTATION_REPORT.md","PASS",""
"POST","/api/v1/profile/suggestions/{suggestion}/reject","v1.profile.suggestions.reject","App\Http\Controllers\Api\V1\Profile\ProfileSuggestionController","reject","Sanctum","EnsureUserIsActive","FormRequest/policy/service role checks","none","action-specific FormRequest or no body","FormRequest/policy/service authorization","ProfileSuggestionService/domain services","not applicable/endpoint-specific","none","tests/Feature/Api/V1/ProfileSuggestionTest.php","yes","BACKEND_IMPLEMENTATION_REPORT.md","PASS",""
"GET","/api/v1/skills","v1.skills.index","App\Http\Controllers\Api\V1\Skill\SkillController","index","public","none","none","none","action-specific FormRequest or no body","none/route middleware","SkillService/domain services","expected; implementation-specific","none","tests/Feature/Api/V1/SkillCatalogTest.php","yes","BACKEND_IMPLEMENTATION_REPORT.md","PASS","Public route"
"GET","/api/v1/test-assignments/{applicationTestAssignment}/attempt-series","v1.test-assignments.attempt-series","App\Http\Controllers\Api\V1\Test\TestRetakeController","series","Sanctum","EnsureUserIsActive","FormRequest/policy/service role checks","EnsureCompanyApproved","action-specific FormRequest or no body","FormRequest/policy/service authorization","TestRetakeService/domain services","not applicable/endpoint-specific","none","tests/Feature/Api/V1/TestRetakeModuleTest.php","yes","BACKEND_IMPLEMENTATION_REPORT.md","PASS",""
"PATCH","/api/v1/test-assignments/{applicationTestAssignment}/deadline","v1.test-assignments.deadline.update","App\Http\Controllers\Api\V1\Test\TestAssignmentDeadlineController","update","Sanctum","EnsureUserIsActive","FormRequest/policy/service role checks","EnsureCompanyApproved","action-specific FormRequest or no body","FormRequest/policy/service authorization","TestAssignmentDeadlineService/domain services","not applicable/endpoint-specific","none","tests/Feature/Api/V1/TestDeadlineModuleTest.php","yes","BACKEND_IMPLEMENTATION_REPORT.md","PASS",""
"GET","/api/v1/test-assignments/{applicationTestAssignment}/deadline-history","v1.test-assignments.deadline-history","App\Http\Controllers\Api\V1\Test\TestAssignmentDeadlineController","history","Sanctum","EnsureUserIsActive","FormRequest/policy/service role checks","EnsureCompanyApproved","action-specific FormRequest or no body","FormRequest/policy/service authorization","TestAssignmentDeadlineService/domain services","expected; implementation-specific","none","tests/Feature/Api/V1/TestDeadlineModuleTest.php","yes","BACKEND_IMPLEMENTATION_REPORT.md","PASS",""
"POST","/api/v1/test-assignments/{applicationTestAssignment}/retake","v1.test-assignments.retake.grant","App\Http\Controllers\Api\V1\Test\TestRetakeController","grant","Sanctum","EnsureUserIsActive","FormRequest/policy/service role checks","EnsureCompanyApproved","action-specific FormRequest or no body","FormRequest/policy/service authorization","TestRetakeService/domain services","not applicable/endpoint-specific","none","tests/Feature/Api/V1/TestRetakeModuleTest.php","yes","BACKEND_IMPLEMENTATION_REPORT.md","PASS",""
"PATCH","/api/v1/test-assignments/{applicationTestAssignment}/retake-policy","v1.test-assignments.retake-policy.update","App\Http\Controllers\Api\V1\Test\TestRetakeController","updatePolicy","Sanctum","EnsureUserIsActive","FormRequest/policy/service role checks","EnsureCompanyApproved","action-specific FormRequest or no body","FormRequest/policy/service authorization","TestRetakeService/domain services","not applicable/endpoint-specific","none","tests/Feature/Api/V1/TestRetakeModuleTest.php","yes","BACKEND_IMPLEMENTATION_REPORT.md","PASS",""
"GET","/api/v1/test-attempts/{testAttempt}/answers","v1.test-attempts.answers.index","App\Http\Controllers\Api\V1\Test\TestAnswerController","index","Sanctum","EnsureUserIsActive","FormRequest/policy/service role checks","EnsureCompanyApproved","action-specific FormRequest or no body","FormRequest/policy/service authorization","TestAnswerService/domain services","expected; implementation-specific","none","tests/Feature/Api/V1/TestAnswerModuleTest.php","yes","BACKEND_IMPLEMENTATION_REPORT.md","PASS",""
"POST","/api/v1/test-attempts/{testAttempt}/answers/bulk","v1.test-attempts.answers.bulk","App\Http\Controllers\Api\V1\Test\TestAnswerController","bulk","Sanctum","EnsureUserIsActive","FormRequest/policy/service role checks","EnsureCompanyApproved","action-specific FormRequest or no body","FormRequest/policy/service authorization","TestAnswerService/domain services","not applicable/endpoint-specific","none","tests/Feature/Api/V1/TestAnswerModuleTest.php","yes","BACKEND_IMPLEMENTATION_REPORT.md","PASS",""
"PUT","/api/v1/test-attempts/{testAttempt}/answers/{question}","v1.test-attempts.answers.update","App\Http\Controllers\Api\V1\Test\TestAnswerController","upsert","Sanctum","EnsureUserIsActive","FormRequest/policy/service role checks","EnsureCompanyApproved","action-specific FormRequest or no body","FormRequest/policy/service authorization","TestAnswerService/domain services","not applicable/endpoint-specific","none","tests/Feature/Api/V1/TestAnswerModuleTest.php","yes","BACKEND_IMPLEMENTATION_REPORT.md","PASS",""
"PATCH","/api/v1/test-attempts/{testAttempt}/answers/{question}","v1.test-attempts.answers.patch","App\Http\Controllers\Api\V1\Test\TestAnswerController","upsert","Sanctum","EnsureUserIsActive","FormRequest/policy/service role checks","EnsureCompanyApproved","action-specific FormRequest or no body","FormRequest/policy/service authorization","TestAnswerService/domain services","not applicable/endpoint-specific","none","tests/Feature/Api/V1/TestAnswerModuleTest.php","yes","BACKEND_IMPLEMENTATION_REPORT.md","PASS",""
"DELETE","/api/v1/test-attempts/{testAttempt}/answers/{question}","v1.test-attempts.answers.destroy","App\Http\Controllers\Api\V1\Test\TestAnswerController","destroy","Sanctum","EnsureUserIsActive","FormRequest/policy/service role checks","EnsureCompanyApproved","action-specific FormRequest or no body","FormRequest/policy/service authorization","TestAnswerService/domain services","not applicable/endpoint-specific","none","tests/Feature/Api/V1/TestAnswerModuleTest.php","yes","BACKEND_IMPLEMENTATION_REPORT.md","PASS",""
"POST","/api/v1/test-attempts/{testAttempt}/answers/{question}/file","v1.test-attempts.answers.file","App\Http\Controllers\Api\V1\Test\TestAnswerController","upsert","Sanctum","EnsureUserIsActive","FormRequest/policy/service role checks","EnsureCompanyApproved","action-specific FormRequest or no body","FormRequest/policy/service authorization","TestAnswerService/domain services","not applicable/endpoint-specific","none","tests/Feature/Api/V1/TestAnswerModuleTest.php","yes","BACKEND_IMPLEMENTATION_REPORT.md","PASS",""
"GET","/api/v1/test-attempts/{testAttempt}/answers/{question}/file","v1.test-attempts.answers.download","App\Http\Controllers\Api\V1\Test\TestAnswerController","download","Sanctum","EnsureUserIsActive","FormRequest/policy/service role checks","EnsureCompanyApproved","action-specific FormRequest or no body","FormRequest/policy/service authorization","TestAnswerService/domain services","not applicable/endpoint-specific","none","tests/Feature/Api/V1/TestAnswerModuleTest.php","yes","BACKEND_IMPLEMENTATION_REPORT.md","PASS",""
"PUT","/api/v1/test-attempts/{testAttempt}/answers/{question}/grading","v1.test-attempts.answers.grading.update","App\Http\Controllers\Api\V1\Test\TestManualGradingController","upsert","Sanctum","EnsureUserIsActive","FormRequest/policy/service role checks","EnsureCompanyApproved","action-specific FormRequest or no body","FormRequest/policy/service authorization","TestManualGradingService/domain services","not applicable/endpoint-specific","none","tests/Feature/Api/V1/ManualGradingModuleTest.php","yes","BACKEND_IMPLEMENTATION_REPORT.md","PASS",""
"PATCH","/api/v1/test-attempts/{testAttempt}/answers/{question}/grading","v1.test-attempts.answers.grading.patch","App\Http\Controllers\Api\V1\Test\TestManualGradingController","upsert","Sanctum","EnsureUserIsActive","FormRequest/policy/service role checks","EnsureCompanyApproved","action-specific FormRequest or no body","FormRequest/policy/service authorization","TestManualGradingService/domain services","not applicable/endpoint-specific","none","tests/Feature/Api/V1/ManualGradingModuleTest.php","yes","BACKEND_IMPLEMENTATION_REPORT.md","PASS",""
"DELETE","/api/v1/test-attempts/{testAttempt}/answers/{question}/grading","v1.test-attempts.answers.grading.destroy","App\Http\Controllers\Api\V1\Test\TestManualGradingController","destroy","Sanctum","EnsureUserIsActive","FormRequest/policy/service role checks","EnsureCompanyApproved","action-specific FormRequest or no body","FormRequest/policy/service authorization","TestManualGradingService/domain services","not applicable/endpoint-specific","none","tests/Feature/Api/V1/ManualGradingModuleTest.php","yes","BACKEND_IMPLEMENTATION_REPORT.md","PASS",""
"POST","/api/v1/test-attempts/{testAttempt}/gradings/bulk","v1.test-attempts.gradings.bulk","App\Http\Controllers\Api\V1\Test\TestManualGradingController","bulk","Sanctum","EnsureUserIsActive","FormRequest/policy/service role checks","EnsureCompanyApproved","action-specific FormRequest or no body","FormRequest/policy/service authorization","TestManualGradingService/domain services","not applicable/endpoint-specific","none","tests/Feature/Api/V1/ManualGradingModuleTest.php","yes","BACKEND_IMPLEMENTATION_REPORT.md","PASS",""
"GET","/api/v1/test-attempts/{testAttempt}/questions","v1.test-attempts.questions.index","App\Http\Controllers\Api\V1\Test\TestAttemptQuestionController","index","Sanctum","EnsureUserIsActive","FormRequest/policy/service role checks","EnsureCompanyApproved","action-specific FormRequest or no body","FormRequest/policy/service authorization","TestAttemptQuestionService/domain services","expected; implementation-specific","none","tests/Feature/Api/V1/TestAttemptQuestionsTest.php","yes","BACKEND_IMPLEMENTATION_REPORT.md","PASS",""
"GET","/api/v1/test-attempts/{testAttempt}/result","v1.test-attempts.result","App\Http\Controllers\Api\V1\Test\TestAttemptController","result","Sanctum","EnsureUserIsActive","FormRequest/policy/service role checks","EnsureCompanyApproved","action-specific FormRequest or no body","FormRequest/policy/service authorization","TestAttemptService/domain services","not applicable/endpoint-specific","none","tests/Feature/Api/V1/TestGradingModuleTest.php","yes","BACKEND_IMPLEMENTATION_REPORT.md","PASS",""
"POST","/api/v1/tests","v1.tests.store","App\Http\Controllers\Api\V1\Test\TestCatalogController","store","Sanctum","EnsureUserIsActive","FormRequest/policy/service role checks","EnsureCompanyApproved","action-specific FormRequest or no body","FormRequest/policy/service authorization","TestCatalogService/domain services","not applicable/endpoint-specific","none","tests/Feature/Api/V1/TestModuleTest.php; tests/Feature/Api/V1/TestCatalogPrivacyTest.php","yes","BACKEND_IMPLEMENTATION_REPORT.md","PASS",""
"GET","/api/v1/tests","v1.tests.index","App\Http\Controllers\Api\V1\Test\TestCatalogController","index","Sanctum","EnsureUserIsActive","FormRequest/policy/service role checks","EnsureCompanyApproved","action-specific FormRequest or no body","FormRequest/policy/service authorization","TestCatalogService/domain services","expected; implementation-specific","none","tests/Feature/Api/V1/TestModuleTest.php; tests/Feature/Api/V1/TestCatalogPrivacyTest.php","yes","BACKEND_IMPLEMENTATION_REPORT.md","PASS",""
"POST","/api/v1/tests/{applicationTestAssignment}/start","v1.tests.start","App\Http\Controllers\Api\V1\Test\TestAttemptController","start","Sanctum","EnsureUserIsActive","FormRequest/policy/service role checks","EnsureCompanyApproved","action-specific FormRequest or no body","FormRequest/policy/service authorization","TestAttemptService/domain services","not applicable/endpoint-specific","none","tests/Feature/Api/V1/TestGradingModuleTest.php","yes","BACKEND_IMPLEMENTATION_REPORT.md","PASS",""
"POST","/api/v1/tests/{applicationTestAssignment}/submit","v1.tests.submit","App\Http\Controllers\Api\V1\Test\TestAttemptController","submit","Sanctum","EnsureUserIsActive","FormRequest/policy/service role checks","EnsureCompanyApproved","action-specific FormRequest or no body","FormRequest/policy/service authorization","TestAttemptService/domain services","not applicable/endpoint-specific","none","tests/Feature/Api/V1/TestGradingModuleTest.php","yes","BACKEND_IMPLEMENTATION_REPORT.md","PASS",""
"POST","/api/v1/tests/{testAttempt}/evaluate","v1.tests.evaluate","App\Http\Controllers\Api\V1\Test\TestAttemptController","evaluate","Sanctum","EnsureUserIsActive","FormRequest/policy/service role checks","EnsureCompanyApproved","action-specific FormRequest or no body","FormRequest/policy/service authorization","TestAttemptService/domain services","not applicable/endpoint-specific","none","tests/Feature/Api/V1/TestGradingModuleTest.php","yes","BACKEND_IMPLEMENTATION_REPORT.md","PASS",""
"PUT","/api/v1/tests/{test}","v1.tests.update","App\Http\Controllers\Api\V1\Test\TestCatalogController","update","Sanctum","EnsureUserIsActive","FormRequest/policy/service role checks","EnsureCompanyApproved","action-specific FormRequest or no body","FormRequest/policy/service authorization","TestCatalogService/domain services","not applicable/endpoint-specific","none","tests/Feature/Api/V1/TestModuleTest.php; tests/Feature/Api/V1/TestCatalogPrivacyTest.php","no","BACKEND_IMPLEMENTATION_REPORT.md","REVIEW","No normalized Postman method/path match"
"PATCH","/api/v1/tests/{test}","v1.tests.patch","App\Http\Controllers\Api\V1\Test\TestCatalogController","update","Sanctum","EnsureUserIsActive","FormRequest/policy/service role checks","EnsureCompanyApproved","action-specific FormRequest or no body","FormRequest/policy/service authorization","TestCatalogService/domain services","not applicable/endpoint-specific","none","tests/Feature/Api/V1/TestModuleTest.php; tests/Feature/Api/V1/TestCatalogPrivacyTest.php","yes","BACKEND_IMPLEMENTATION_REPORT.md","PASS",""
"DELETE","/api/v1/tests/{test}","v1.tests.destroy","App\Http\Controllers\Api\V1\Test\TestCatalogController","destroy","Sanctum","EnsureUserIsActive","FormRequest/policy/service role checks","EnsureCompanyApproved","action-specific FormRequest or no body","FormRequest/policy/service authorization","TestCatalogService/domain services","not applicable/endpoint-specific","none","tests/Feature/Api/V1/TestModuleTest.php; tests/Feature/Api/V1/TestCatalogPrivacyTest.php","yes","BACKEND_IMPLEMENTATION_REPORT.md","PASS",""
"GET","/api/v1/tests/{test}","v1.tests.show","App\Http\Controllers\Api\V1\Test\TestCatalogController","show","Sanctum","EnsureUserIsActive","FormRequest/policy/service role checks","EnsureCompanyApproved","action-specific FormRequest or no body","FormRequest/policy/service authorization","TestCatalogService/domain services","expected; implementation-specific","none","tests/Feature/Api/V1/TestModuleTest.php; tests/Feature/Api/V1/TestCatalogPrivacyTest.php","yes","BACKEND_IMPLEMENTATION_REPORT.md","PASS",""
"GET","/api/v1/tests/{test}/questions","v1.tests.questions.index","App\Http\Controllers\Api\V1\Test\TestQuestionController","index","Sanctum","EnsureUserIsActive","FormRequest/policy/service role checks","EnsureCompanyApproved","action-specific FormRequest or no body","FormRequest/policy/service authorization","TestQuestionService/domain services","expected; implementation-specific","none","tests/Feature/Api/V1/TestQuestionModuleTest.php","yes","BACKEND_IMPLEMENTATION_REPORT.md","PASS",""
"POST","/api/v1/tests/{test}/questions","v1.tests.questions.store","App\Http\Controllers\Api\V1\Test\TestQuestionController","store","Sanctum","EnsureUserIsActive","FormRequest/policy/service role checks","EnsureCompanyApproved","action-specific FormRequest or no body","FormRequest/policy/service authorization","TestQuestionService/domain services","not applicable/endpoint-specific","none","tests/Feature/Api/V1/TestQuestionModuleTest.php","yes","BACKEND_IMPLEMENTATION_REPORT.md","PASS",""
"POST","/api/v1/tests/{test}/questions/reorder","v1.tests.questions.reorder","App\Http\Controllers\Api\V1\Test\TestQuestionController","reorder","Sanctum","EnsureUserIsActive","FormRequest/policy/service role checks","EnsureCompanyApproved","action-specific FormRequest or no body","FormRequest/policy/service authorization","TestQuestionService/domain services","not applicable/endpoint-specific","none","tests/Feature/Api/V1/TestQuestionModuleTest.php","yes","BACKEND_IMPLEMENTATION_REPORT.md","PASS",""
"GET","/api/v1/tests/{test}/questions/{question}","v1.tests.questions.show","App\Http\Controllers\Api\V1\Test\TestQuestionController","show","Sanctum","EnsureUserIsActive","FormRequest/policy/service role checks","EnsureCompanyApproved","action-specific FormRequest or no body","FormRequest/policy/service authorization","TestQuestionService/domain services","expected; implementation-specific","none","tests/Feature/Api/V1/TestQuestionModuleTest.php","yes","BACKEND_IMPLEMENTATION_REPORT.md","PASS",""
"PUT","/api/v1/tests/{test}/questions/{question}","v1.tests.questions.update","App\Http\Controllers\Api\V1\Test\TestQuestionController","update","Sanctum","EnsureUserIsActive","FormRequest/policy/service role checks","EnsureCompanyApproved","action-specific FormRequest or no body","FormRequest/policy/service authorization","TestQuestionService/domain services","not applicable/endpoint-specific","none","tests/Feature/Api/V1/TestQuestionModuleTest.php","no","BACKEND_IMPLEMENTATION_REPORT.md","REVIEW","No normalized Postman method/path match"
"PATCH","/api/v1/tests/{test}/questions/{question}","v1.tests.questions.patch","App\Http\Controllers\Api\V1\Test\TestQuestionController","update","Sanctum","EnsureUserIsActive","FormRequest/policy/service role checks","EnsureCompanyApproved","action-specific FormRequest or no body","FormRequest/policy/service authorization","TestQuestionService/domain services","not applicable/endpoint-specific","none","tests/Feature/Api/V1/TestQuestionModuleTest.php","yes","BACKEND_IMPLEMENTATION_REPORT.md","PASS",""
"DELETE","/api/v1/tests/{test}/questions/{question}","v1.tests.questions.destroy","App\Http\Controllers\Api\V1\Test\TestQuestionController","destroy","Sanctum","EnsureUserIsActive","FormRequest/policy/service role checks","EnsureCompanyApproved","action-specific FormRequest or no body","FormRequest/policy/service authorization","TestQuestionService/domain services","not applicable/endpoint-specific","none","tests/Feature/Api/V1/TestQuestionModuleTest.php","yes","BACKEND_IMPLEMENTATION_REPORT.md","PASS",""
"POST","/api/v1/tests/{test}/questions/{question}/options","v1.tests.questions.options.store","App\Http\Controllers\Api\V1\Test\TestQuestionController","storeOption","Sanctum","EnsureUserIsActive","FormRequest/policy/service role checks","EnsureCompanyApproved","action-specific FormRequest or no body","FormRequest/policy/service authorization","TestQuestionService/domain services","not applicable/endpoint-specific","none","tests/Feature/Api/V1/TestQuestionModuleTest.php","yes","BACKEND_IMPLEMENTATION_REPORT.md","PASS",""
"POST","/api/v1/tests/{test}/questions/{question}/options/reorder","v1.tests.questions.options.reorder","App\Http\Controllers\Api\V1\Test\TestQuestionController","reorderOptions","Sanctum","EnsureUserIsActive","FormRequest/policy/service role checks","EnsureCompanyApproved","action-specific FormRequest or no body","FormRequest/policy/service authorization","TestQuestionService/domain services","not applicable/endpoint-specific","none","tests/Feature/Api/V1/TestQuestionModuleTest.php","yes","BACKEND_IMPLEMENTATION_REPORT.md","PASS",""
"PUT","/api/v1/tests/{test}/questions/{question}/options/{option}","v1.tests.questions.options.update","App\Http\Controllers\Api\V1\Test\TestQuestionController","updateOption","Sanctum","EnsureUserIsActive","FormRequest/policy/service role checks","EnsureCompanyApproved","action-specific FormRequest or no body","FormRequest/policy/service authorization","TestQuestionService/domain services","not applicable/endpoint-specific","none","tests/Feature/Api/V1/TestQuestionModuleTest.php","no","BACKEND_IMPLEMENTATION_REPORT.md","REVIEW","No normalized Postman method/path match"
"PATCH","/api/v1/tests/{test}/questions/{question}/options/{option}","v1.tests.questions.options.patch","App\Http\Controllers\Api\V1\Test\TestQuestionController","updateOption","Sanctum","EnsureUserIsActive","FormRequest/policy/service role checks","EnsureCompanyApproved","action-specific FormRequest or no body","FormRequest/policy/service authorization","TestQuestionService/domain services","not applicable/endpoint-specific","none","tests/Feature/Api/V1/TestQuestionModuleTest.php","yes","BACKEND_IMPLEMENTATION_REPORT.md","PASS",""
"DELETE","/api/v1/tests/{test}/questions/{question}/options/{option}","v1.tests.questions.options.destroy","App\Http\Controllers\Api\V1\Test\TestQuestionController","destroyOption","Sanctum","EnsureUserIsActive","FormRequest/policy/service role checks","EnsureCompanyApproved","action-specific FormRequest or no body","FormRequest/policy/service authorization","TestQuestionService/domain services","not applicable/endpoint-specific","none","tests/Feature/Api/V1/TestQuestionModuleTest.php","yes","BACKEND_IMPLEMENTATION_REPORT.md","PASS",""
